Заголовок,Ссылка
 
Данные имеют фото на сайте:
 
"Путин предупредил о последствиях ударов по России ракетами НАТОПрименение западных вооружений большой дальности «будет означать, что страны НАТО воюют с Россией», заявил президент Владимир Путин",https://news.mail.ru/politics/62773278/
Главные новости к вечеру 12 сентября,https://news.mail.ru/society/62771902/
Владимир Познер рассказал об отказе работать на Западе,https://news.mail.ru/society/62773569/
Подполье сообщило об ударе ФАБ по боевикам в Харькове,https://news.mail.ru/incident/62771457/
МИД: ВСУ создавали подобие концлагерей в Курской области,https://news.mail.ru/politics/62771562/
 
Данные без фото на сайте:
 
Подполье сообщило об ударе ФАБ по боевикам в Харькове,https://news.mail.ru/incident/62771457/
МИД: ВСУ создавали подобие концлагерей в Курской области,https://news.mail.ru/politics/62771562/
"WADA скрыло заключение эксперта, оправдывающее Валиеву",https://sportmail.ru/news/figure-skating/62772082/
Маск предрек мировую войну из-за разрешения Киеву бить по России,https://news.mail.ru/politics/62769217/
СМИ: Зеленский передал Блинкену список целей для ударов по РФ,https://news.mail.ru/politics/62765986/
"Снег в Баварии, женщина с флагом Каталонии: лучшие фото дня",https://news.mail.ru/society/62770476/
Муж Бакальчук сообщил о ее требованиях по иску о разводе,https://news.mail.ru/incident/62772945/
Россияне назвали зарплату мечты для жизни без кредитов,https://finance.mail.ru/2024-09-12/rossiyane-nazvali-zarplatu-mechty-dlya-zhizni-bez-kreditov-62771266/
The Telegraph: подготовка украинских солдат подрывает боеспособность Британии,https://news.mail.ru/politics/62772599/
«Турецкий гамбит» БРИКС. Что он значит для России — Responsible Statecraft,https://news.mail.ru/politics/62772615/
"Россия ждет президента Ирана на саммите БРИКС в Казани, заявил Путин",https://news.mail.ru/politics/62769176/
ЕЦБ понизил базовую процентную ставку,https://finance.mail.ru/2024-09-12/ecb-ponizil-bazovuyu-procentnuyu-stavku-62771372/
Суеверия и предрассудки в мире финансов: как приметы могут повлиять на инвестиции и сделки,https://finance.mail.ru/2024-09-12/sueveriya-i-predrassudki-v-mire-finansov-62771806/
Авилон: автокомпании начали уменьшать скидки и увеличивать цены на автомобили,https://news.mail.ru/economics/62771896/
Опубликованы 9 самых ярких цитат Сванидзе о российской истории и СССР,https://vfokuse.mail.ru/article/opublikovany-9-samyh-yarkih-citat-svanidze-o-rossiyskoy-istorii-i-sssr-62767942/
Законно ли ставить видеокамеры в съемном жилье?,https://vfokuse.mail.ru/article/zakonno-li-stavit-videokamery-v-semnom-zhile-62768045/
Эти марки консервированного тунца не прошли проверку Роскачества. Список,https://vfokuse.mail.ru/article/eti-marki-konservirovannogo-tunca-ne-proshli-proverku-roskachestva-spisok-62769284/
Российские дроны уничтожили склад боеприпасов ВСУ в Черниговской области,https://news.mail.ru/incident/62770171/
ВС России отразили четыре попытки прорыва ВСУ через границу в Курской области,https://news.mail.ru/incident/62769234/
Освобождение 10 населенных пунктов и отражение попыток прорыва. Ситуация в Курской области,https://news.mail.ru/incident/62769786/
